{"cameraMode":{"drawMode":0,"name":"Shaded","section":"Shading Mode"},"sceneLighting":true,"audioPlay":false,"sceneViewState":{"m_AlwaysRefresh":false,"showFog":true,"showSkybox":true,"showFlares":true,"showImageEffects":true,"showParticleSystems":true,"showVisualEffectGraphs":true,"m_FxEnabled":true},"in2DMode":false,"pivot":{"x":-0.23687729239463807,"y":0.5350955724716187,"z":1.241477131843567},"rotation":{"x":-0.25399553775787356,"y":-0.005225642584264278,"z":0.0013733510859310628,"w":-0.9672009944915772},"size":2.70739483833313,"orthographic":false}